id_cliente,nombre,edad,ingresos,frecuencia_compra,cantidad_productos,tiempo_cliente,satisfaccion,abandono
1,Andrea Parra,55,1600000,4,11,21,7,0
2,Andrés Moreno,39,3550000,3,5,13,8,1
3,Paula Peña,45,3250000,2,9,62,7,0
4,Andrea Ríos,37,3800000,6,9,39,7,0
5,Valentina Martínez,36,4250000,3,8,14,7,1
6,Nicolás Beltrán,29,1700000,7,10,12,6,0
7,Isabella Acosta,43,3700000,1,3,23,5,1
8,Diego Parra,28,2800000,3,7,10,10,0
9,Nicolás López,46,2600000,2,7,3,6,1
10,Jorge Moreno,51,4750000,5,8,14,5,1
11,Nicolás Vargas,38,6250000,3,2,10,7,0
12,Santiago Ruiz,35,7200000,6,9,40,7,0
13,Miguel Quintero,43,5800000,2,5,33,4,0
14,Paula Duarte,34,3050000,7,11,9,9,0
15,Mariana Moreno,49,3750000,6,8,61,6,0
16,David Pérez,18,4500000,4,8,26,4,1
17,Andrea Jiménez,34,3400000,2,2,91,9,0
18,Manuela Rodríguez,18,3400000,6,15,46,8,0
19,Jorge Duarte,20,4650000,4,7,71,4,0
20,Daniela Cardona,54,3100000,13,24,96,10,0
21,Camila Acosta,49,2300000,2,2,16,8,1
22,Diego Díaz,29,2650000,4,9,34,6,0
23,Andrea Beltrán,20,4250000,6,11,6,10,0
24,David Cortés,18,3200000,6,12,9,7,0
25,Carolina Parra,31,3750000,4,10,8,6,1
26,Isabella Hernández,67,4350000,3,6,20,5,0
27,Natalia Ortiz,43,2700000,7,17,38,8,0
28,Sofía Rodríguez,31,4500000,2,3,26,7,1
29,Mariana García,44,3800000,8,11,2,7,0
30,Isabella Ríos,19,1850000,3,5,8,5,0
31,Esteban Acosta,34,6100000,3,6,38,7,1
32,Natalia Beltrán,39,2550000,2,3,31,6,0
33,Paula Torres,37,3250000,4,10,11,4,0
34,Esteban Vargas,47,2000000,3,6,12,4,1
35,Andrea Ortiz,42,2000000,2,4,46,8,0
36,Miguel Hernández,46,3300000,2,7,23,1,1
37,David López,30,2850000,3,6,28,7,0
38,Carolina Ortiz,49,2750000,4,11,18,6,0
39,Sebastián Pérez,58,4250000,4,9,42,9,0
40,Mariana Ríos,26,3750000,1,1,68,6,0
41,Catalina Moreno,27,3700000,3,6,102,8,0
42,Camila Duarte,54,3850000,8,19,35,6,0
43,Juliana Salazar,36,4200000,3,2,17,7,1
44,Andrea Torres,55,1250000,6,15,6,8,0
45,Miguel Duarte,33,2700000,4,10,23,6,1
46,David Duarte,55,1200000,2,2,94,8,0
47,Jorge Vargas,40,3250000,3,1,42,5,0
48,Manuela Ramírez,41,3200000,5,11,16,7,0
49,Mateo Ríos,57,5100000,10,15,30,8,0
50,Andrés García,34,5450000,3,4,58,8,0
51,Luisa Hernández,27,3500000,3,1,118,10,0
52,Luisa Gómez,33,2550000,2,4,8,5,1
53,Miguel Parra,43,4000000,0,1,28,4,1
54,Miguel Quintero,19,2500000,4,7,49,5,1
55,Sofía Salazar,46,3200000,2,8,120,8,0
56,Daniela Parra,32,5000000,7,8,44,7,0
57,Mariana Moreno,52,2500000,6,7,30,7,0
58,Nicolás Mendoza,18,4600000,1,2,36,4,1
59,Carlos García,29,4350000,4,8,12,8,0
60,Mateo López,18,2100000,2,2,35,4,1
61,David Ríos,28,4950000,6,12,60,9,0
62,Andrés Ortiz,41,4400000,7,7,10,10,1
63,Jorge Jiménez,36,3350000,2,2,82,7,0
64,Andrea Acosta,35,2250000,3,8,4,8,0
65,Alejandro Quintero,36,2150000,2,3,16,6,1
66,Mariana Jiménez,40,2500000,1,2,6,3,1
67,Andrea Jiménez,26,4100000,2,4,4,5,1
68,Miguel Torres,46,2100000,1,2,111,4,0
69,Juliana Gómez,46,3900000,1,6,11,4,1
70,Natalia Moreno,43,1850000,4,6,23,10,0
71,Ricardo Pérez,45,2900000,2,12,30,7,0
72,Daniela Castro,42,3350000,5,11,5,7,0
73,Ricardo Peña,62,9600000,4,10,11,6,0
74,Carlos Sánchez,37,1700000,6,13,11,6,0
75,Luisa Rodríguez,34,6200000,6,7,12,8,0
76,Jorge Ramírez,29,3400000,3,6,21,6,0
77,Esteban Ramírez,26,3850000,2,4,13,8,0
78,David Quintero,23,3400000,2,2,52,6,1
79,Juan Jiménez,27,3900000,6,7,23,6,1
80,Nicolás Parra,37,3000000,4,11,17,4,1
81,Ricardo Quintero,42,6150000,1,2,9,3,1
82,Paula Castro,39,2600000,0,3,44,6,1
83,Paula Duarte,29,5350000,4,15,16,7,0
84,Sebastián Hernández,49,2400000,5,10,16,4,1
85,Natalia Gómez,47,3100000,4,10,101,6,0
86,Juan Martínez,36,2000000,1,2,3,7,1
87,Miguel Salazar,30,3950000,4,10,17,2,1
88,Carolina Moreno,45,6150000,3,4,29,5,1
89,Diego García,40,3100000,3,5,42,7,0
90,Esteban Rojas,21,2950000,6,14,41,7,0
91,Catalina García,37,1950000,4,7,11,4,0
92,Sofía Ríos,41,2900000,2,4,1,7,1
93,Sofía Moreno,27,1550000,2,11,34,9,0
94,Camila Vargas,40,2100000,7,16,28,8,0
95,Mateo Torres,21,3550000,2,7,4,6,1
96,Carolina Cardona,54,5800000,4,5,22,6,0
97,Juliana Díaz,53,11350000,3,6,7,5,1
98,Catalina Martínez,35,2450000,8,7,5,7,0
99,Natalia López,42,6100000,4,5,27,7,0
100,Natalia Murillo,18,3550000,3,4,35,8,1
101,Natalia Ruiz,24,3000000,4,8,30,7,0
102,Sofía Ríos,34,3900000,5,2,12,8,0
103,David Sánchez,25,3300000,5,13,29,7,0
104,Isabella Beltrán,47,3350000,7,8,19,8,0
105,Mateo Parra,62,2650000,6,6,23,8,0
106,Mateo Salazar,24,1700000,3,6,39,5,1
107,Miguel Moreno,28,1600000,3,6,28,3,1
108,Isabella Ramírez,41,4300000,3,6,31,10,0
109,Andrea Martínez,57,2850000,8,20,50,7,0
110,David Ruiz,23,2450000,1,5,15,3,0
111,Juan Moreno,41,3200000,4,6,23,5,1
112,Diego Pérez,60,4600000,8,15,32,8,0
113,Diego Torres,18,3450000,2,7,54,6,0
114,Luisa Mendoza,23,2400000,2,5,10,5,1
115,Mariana Hernández,33,5550000,8,16,45,9,0
116,David Peña,32,6500000,3,5,11,4,1
117,Laura Acosta,48,4000000,3,5,13,5,0
118,Sofía Salazar,41,4950000,2,8,18,7,0
119,Andrés Castro,18,5600000,3,9,4,7,0
120,Sebastián Cardona,44,5300000,5,10,66,7,0
121,Camila Mendoza,31,4200000,1,4,60,8,1
122,Andrea Quintero,53,4200000,5,9,93,7,0
123,Juliana Martínez,30,4050000,3,7,28,7,0
124,Isabella Castro,30,1950000,6,12,35,6,0
125,Miguel Rodríguez,44,4400000,3,4,12,7,1
126,Santiago Ortiz,47,1750000,2,2,2,7,1
127,Santiago Torres,43,2250000,6,13,41,7,0
128,Andrés García,18,5750000,2,4,8,8,1
129,Carolina López,44,4650000,7,16,10,8,0
130,Santiago Mendoza,26,6250000,2,3,120,7,0
131,Miguel Hernández,41,2850000,4,9,6,5,1
132,Daniela Ruiz,21,1900000,1,3,4,7,1
133,Ricardo Mendoza,43,2850000,3,7,3,6,1
134,David Díaz,28,3350000,1,6,33,7,1
135,Juliana Mendoza,23,3300000,5,8,14,10,0
136,Daniela Gómez,47,5350000,7,6,13,5,1
137,Camila Murillo,41,2700000,0,3,25,7,0
138,Paula Ortiz,31,3750000,1,4,4,9,0
139,Sofía Parra,55,2050000,3,5,5,7,1
140,Carlos Martínez,33,3900000,4,11,76,10,0
141,Daniela Ortiz,38,3200000,2,4,65,6,1
142,Carolina Ortiz,41,2300000,6,14,26,7,1
143,David Murillo,31,2900000,3,8,75,5,0
144,Camila Mendoza,44,2950000,2,10,3,6,1
145,Mariana Ortiz,32,2850000,3,8,25,7,1
146,Luisa Ramírez,33,7100000,5,8,35,8,0
147,Catalina Torres,54,3050000,7,12,57,7,0
148,Mariana Rojas,26,2850000,3,8,27,9,0
149,Jorge Moreno,18,1250000,2,4,26,6,1
150,Daniela Gómez,57,2150000,2,12,11,6,0
151,Natalia Duarte,69,2850000,4,12,34,10,0
152,Laura Cortés,33,2350000,8,16,5,7,0
153,Mariana García,18,3250000,2,3,60,5,1
154,Sebastián Jiménez,34,2950000,1,5,21,5,1
155,Sebastián López,35,5700000,1,5,4,5,1
156,Andrés Ríos,36,3300000,4,8,12,8,0
157,Juan Ramírez,25,3250000,5,9,20,6,0
158,Mateo Quintero,45,3050000,4,9,106,7,0
159,Diego Salazar,44,3200000,5,8,35,6,0
160,Catalina Parra,20,6950000,1,6,48,8,0
161,Sebastián López,46,1150000,3,4,120,5,0
162,Juliana Ruiz,63,1300000,3,6,42,4,1
163,Ricardo Pérez,40,2500000,2,4,3,7,1
164,Mateo Rodríguez,34,3200000,1,3,38,8,0
165,Camila Jiménez,36,4350000,8,24,46,7,0
166,Mariana Vargas,45,3950000,2,4,12,5,1
167,Sebastián Duarte,18,2700000,5,6,6,8,0
168,David Duarte,40,5050000,3,7,25,5,0
169,Catalina Torres,33,5100000,2,7,120,5,0
170,Valentina Murillo,60,3500000,4,5,47,5,0
171,Andrés Ramírez,36,4950000,1,3,62,9,0
172,Juliana Rojas,58,3600000,5,11,45,8,0
173,Esteban Sánchez,25,2500000,5,4,14,8,0
174,Ricardo Murillo,45,4400000,4,7,30,9,0
175,Santiago García,42,3350000,3,5,89,10,0
176,Nicolás Rodríguez,28,3200000,2,4,12,3,1
177,Daniela Moreno,40,6200000,7,16,3,5,0
178,Ricardo Beltrán,53,1050000,5,10,120,5,0
179,Camila Cortés,34,1700000,2,7,16,5,0
180,Andrea Acosta,18,1900000,2,7,120,4,0
181,Jorge Cortés,38,2700000,3,8,28,6,0
182,Valentina Cortés,27,2850000,6,6,26,4,1
183,Juan Rojas,38,1600000,3,10,33,7,0
184,Sofía Torres,37,2050000,2,4,27,7,1
185,Laura Parra,18,2150000,3,5,100,7,1
186,Natalia Quintero,19,9650000,5,7,17,8,0
187,Paula Vargas,44,7200000,6,10,6,8,0
188,Manuela Martínez,32,2650000,2,5,60,6,0
189,Isabella Acosta,18,2700000,3,1,35,10,0
190,Felipe Sánchez,47,1900000,3,7,2,7,1
191,Laura Murillo,41,1350000,3,5,35,3,1
192,Catalina Sánchez,29,3050000,5,5,51,4,1
193,Laura López,22,2050000,0,2,12,3,1
194,Andrea Duarte,48,3100000,4,4,23,7,0
195,Manuela García,42,1550000,3,6,5,6,1
196,Isabella Hernández,67,2250000,5,8,11,6,0
197,Felipe Mendoza,43,3400000,10,18,35,10,0
198,Diego Cortés,43,3750000,8,28,2,8,0
199,Carlos Hernández,36,3850000,2,4,46,8,0
200,Daniela Torres,48,1750000,5,6,88,5,0
201,Ricardo Parra,46,4700000,4,4,4,5,1
202,Sebastián Beltrán,53,2250000,7,10,18,7,0
203,Sofía Rojas,32,4250000,9,10,8,7,0
204,David García,33,3200000,2,6,21,3,1
205,Catalina Gómez,32,1700000,2,3,49,6,0
206,Santiago Pérez,47,2800000,3,10,33,7,0
207,Daniela López,56,3750000,0,1,17,6,0
208,Laura Ríos,32,4200000,4,3,7,5,1
209,Ricardo López,33,3000000,2,9,120,5,0
210,Daniela Rojas,42,6400000,5,11,10,6,0
211,Esteban Ríos,35,5050000,6,11,12,7,1
212,Isabella Mendoza,49,2850000,7,14,1,8,0
213,Paula Hernández,18,4500000,8,17,120,9,0
214,Jorge Duarte,28,7650000,3,6,47,6,0
215,Laura Salazar,29,7750000,3,4,61,6,0
216,Andrea Acosta,18,1850000,4,8,59,7,0
217,Luisa López,26,2100000,8,13,17,8,0
218,David López,27,6250000,2,4,19,6,1
219,Alejandro Ruiz,36,2000000,6,10,51,8,0
220,Andrea Vargas,51,1750000,3,4,40,8,0
221,Ricardo Torres,35,2550000,2,7,4,9,0
222,Juan Ortiz,26,3850000,7,11,22,10,0
223,Nicolás Quintero,37,3050000,3,6,99,5,0
224,Sebastián Murillo,51,2400000,7,16,29,7,0
225,Nicolás Ramírez,26,2350000,3,7,31,7,1
226,Catalina Ruiz,27,2300000,2,6,10,7,0
227,Sofía Gómez,45,2150000,4,6,120,5,0
228,Alejandro Jiménez,35,8950000,0,1,74,4,0
229,Camila Quintero,46,3650000,2,2,22,7,0
230,Jorge López,38,4750000,3,2,14,5,1
231,Diego García,46,2550000,3,6,11,7,1
232,Isabella Castro,26,2950000,2,6,17,5,1
233,Laura Murillo,38,2300000,3,12,6,4,1
234,Camila Mendoza,35,1000000,5,11,9,7,0
235,Santiago Ruiz,23,1700000,2,7,2,7,0
236,Isabella Duarte,19,1400000,4,8,60,8,0
237,Paula Ortiz,46,3250000,5,14,4,10,1
238,Andrés Parra,34,1850000,4,14,3,7,0
239,Jorge Gómez,26,5800000,4,10,60,7,0
240,Andrés López,37,3150000,0,3,24,4,1
241,Daniela Duarte,52,5700000,2,8,40,4,0
242,Mateo Parra,18,3850000,3,5,53,10,0
243,David Pérez,20,4550000,0,2,22,5,1
244,Natalia Rojas,27,2150000,3,7,41,4,1
245,Isabella Cardona,56,4050000,2,1,23,6,1
246,Esteban Cortés,41,4450000,9,16,115,6,0
247,Isabella Cardona,47,2450000,7,9,52,5,0
248,Daniela Castro,24,4100000,9,12,12,6,0
249,Juan Vargas,25,4150000,6,14,23,9,0
250,Esteban Castro,43,2500000,3,8,8,5,0
251,Juan Quintero,39,1950000,3,3,39,4,1
252,Catalina Cortés,45,1900000,2,3,9,8,1
253,Daniela Moreno,36,3350000,4,9,23,7,0
254,Nicolás Sánchez,41,3700000,4,11,24,5,1
255,Daniela Sánchez,40,2250000,1,5,26,3,1
256,Ricardo Acosta,47,3250000,2,6,10,5,1
257,Jorge Duarte,48,4150000,9,20,23,6,0
258,Catalina López,19,4250000,3,8,57,9,0
259,Manuela Rodríguez,18,6450000,6,14,10,4,1
260,Sofía Mendoza,50,5700000,3,10,14,6,0
261,Natalia García,52,2050000,1,4,37,8,0
262,Santiago Duarte,26,6850000,4,7,8,2,1
263,Sebastián Torres,18,2500000,1,3,92,9,0
264,Esteban García,39,5100000,2,5,45,4,1
265,Esteban Ruiz,49,3300000,1,2,45,7,0
266,Alejandro García,60,2650000,6,11,39,7,0
267,Camila Ramírez,44,1400000,3,5,12,9,1
268,Alejandro García,34,2950000,6,8,19,8,0
269,David López,27,1600000,2,3,23,2,1
270,Mariana Gómez,38,4950000,5,6,24,5,0
271,Diego Rodríguez,34,6350000,4,10,43,7,0
272,Santiago Hernández,26,2250000,7,13,12,6,1
273,Luisa Rodríguez,63,3650000,4,6,19,7,1
274,Paula Mendoza,59,2300000,4,8,106,8,0
275,Nicolás Ríos,52,2400000,4,18,87,8,0
276,Luisa Vargas,27,4550000,1,2,12,6,0
277,Luisa Torres,48,3150000,3,10,34,3,1
278,Ricardo Rojas,46,7000000,4,3,8,6,1
279,Isabella Cortés,43,2600000,1,3,13,7,1
280,Miguel Peña,53,5000000,2,3,13,4,1
281,Mariana Rodríguez,46,3350000,2,5,33,8,0
282,Sofía Hernández,47,4600000,5,6,81,8,0
283,Manuela Sánchez,46,2600000,5,8,20,7,1
284,Valentina Sánchez,42,3150000,3,8,92,1,0
285,Andrés Mendoza,18,3050000,2,4,68,4,0
286,Catalina Castro,39,2200000,5,8,24,10,0
287,Daniela Rodríguez,31,4300000,8,13,35,5,0
288,Laura Vargas,23,4300000,2,7,30,3,0
289,Esteban Rojas,58,4200000,6,13,55,9,0
290,Manuela López,59,6400000,4,8,28,7,0
291,Andrea Peña,54,6150000,4,9,22,9,0
292,Juan Rodríguez,41,2700000,4,10,28,7,0
293,Paula Ruiz,54,3800000,1,3,27,7,0
294,Carolina Martínez,38,2400000,3,6,10,7,0
295,Jorge Peña,40,3250000,4,11,2,8,0
296,Luisa Ruiz,25,2450000,8,13,16,10,0
297,Mateo Beltrán,43,6650000,3,4,14,8,0
298,Sebastián Duarte,39,3750000,2,7,120,3,1
299,Alejandro Parra,22,2900000,3,5,26,7,0
300,Juliana Quintero,37,5500000,4,2,28,9,0
301,Juliana Parra,37,1200000,2,2,34,9,0
302,Isabella García,60,1300000,3,4,36,6,0
303,Luisa Jiménez,49,4600000,3,8,6,9,0
304,Sebastián Rojas,38,3300000,6,13,21,8,0
305,Ricardo Peña,41,3600000,2,9,3,10,0
306,Jorge Moreno,39,1750000,2,6,1,5,1
307,Miguel Vargas,36,3150000,4,9,23,5,1
308,Carolina Quintero,25,7900000,3,8,120,6,1
309,Mateo Sánchez,36,4650000,2,9,20,6,0
310,Carlos García,29,3450000,2,3,3,5,1
311,David Ortiz,23,2650000,2,3,11,1,1
312,Camila Castro,44,2700000,3,7,7,6,1
313,Juliana Pérez,43,1250000,6,15,40,7,0
314,Natalia Vargas,18,3600000,6,14,12,6,0
315,Nicolás Díaz,37,4700000,7,14,32,10,0
316,Isabella Torres,50,1550000,4,11,18,7,1
317,David Vargas,51,2400000,8,7,32,9,0
318,Santiago Ríos,50,1900000,7,12,30,7,0
319,Mateo Ramírez,38,2050000,5,10,67,8,0
320,Miguel Murillo,28,3300000,3,5,12,7,0
321,Carolina Ruiz,25,1250000,5,9,14,9,0
322,Jorge Ortiz,42,4200000,5,4,20,7,0
323,Miguel Torres,43,4500000,2,9,23,7,0
324,David Jiménez,53,2850000,3,3,8,7,1
325,Catalina Peña,51,1050000,3,3,25,6,0
326,Sofía Quintero,36,2050000,6,18,41,7,0
327,Valentina Duarte,23,5550000,6,11,10,10,0
328,Mariana Rojas,34,1000000,6,9,65,6,0
329,Isabella Cardona,41,2750000,6,14,55,7,0
330,Andrea Ramírez,36,1900000,8,12,51,9,0
331,Santiago Acosta,31,4600000,2,9,43,7,0
332,Carlos Pérez,41,2350000,4,9,33,7,0
333,Alejandro Ríos,32,3850000,2,7,21,2,1
334,Nicolás Peña,30,4150000,2,7,34,8,0
335,Esteban López,42,7300000,1,6,59,2,0
336,Catalina Cardona,33,2900000,4,9,18,9,0
337,Andrés Martínez,41,3800000,3,6,6,7,0
338,Juliana Salazar,41,1650000,5,11,95,8,0
339,Alejandro Martínez,24,5450000,0,3,79,5,1
340,Nicolás Murillo,32,2250000,4,1,14,3,0
341,Diego García,55,2500000,9,7,16,7,0
342,Catalina Murillo,24,3150000,4,16,48,6,0
343,Santiago Duarte,18,1600000,1,1,19,6,1
344,Paula Mendoza,18,3550000,3,3,19,7,0
345,David Parra,38,4950000,5,5,25,10,0
346,Ricardo Parra,38,3650000,3,8,9,8,0
347,Esteban Murillo,37,1550000,4,3,26,9,0
348,Andrea Sánchez,53,3050000,4,4,8,8,0
349,Diego Mendoza,18,4450000,3,8,14,9,1
350,Carlos Martínez,43,1350000,3,6,11,6,1
351,Nicolás Cardona,57,1950000,0,1,3,2,1
352,Santiago Hernández,24,4750000,2,5,64,6,0
353,Juan Jiménez,38,3600000,4,2,13,8,0
354,Laura Mendoza,29,3850000,1,7,12,5,1
355,Sofía Moreno,27,7400000,3,7,120,6,0
356,Carolina Rojas,34,3950000,6,14,28,5,0
357,Diego Acosta,55,4300000,4,11,3,10,0
358,Esteban Parra,60,10850000,3,3,18,8,0
359,Nicolás Ortiz,34,2900000,3,4,14,8,0
360,Mateo Mendoza,61,2250000,2,3,21,8,1
361,Camila Ruiz,38,3900000,6,12,7,6,0
362,Jorge López,59,3900000,8,14,7,7,0
363,Miguel López,37,2500000,0,3,4,4,0
364,Diego Martínez,40,2000000,2,2,40,2,1
365,Sofía Quintero,42,9050000,1,6,2,7,0
366,Diego Castro,75,3700000,4,7,47,7,0
367,Esteban Parra,48,2300000,5,11,6,9,0
368,Valentina Ríos,30,4850000,4,14,45,10,0
369,Diego Díaz,50,3050000,7,19,40,10,0
370,Isabella Cortés,34,2850000,2,3,34,5,1
371,Luisa Acosta,32,4100000,6,11,2,6,0
372,Andrés Ramírez,49,1800000,8,17,14,7,0
373,Miguel Díaz,38,3750000,2,1,33,10,0
374,Nicolás Torres,41,7550000,5,8,2,9,0
375,Sebastián García,38,3950000,3,6,12,9,0
376,Catalina García,42,2700000,0,4,16,6,1
377,Andrea Murillo,43,2550000,3,5,64,5,1
378,Mariana Moreno,18,2650000,8,13,9,8,0
379,Isabella Vargas,46,2850000,1,1,8,4,1
380,Juan Salazar,26,2700000,4,10,104,6,0
381,Santiago Jiménez,21,4850000,6,8,15,6,0
382,Catalina Murillo,37,1450000,3,4,15,10,0
383,Natalia Parra,39,4700000,2,4,44,6,0
384,Juliana Ortiz,30,2700000,1,4,38,2,1
385,Camila Vargas,48,3800000,4,14,18,8,0
386,Andrés Beltrán,22,1950000,0,3,30,5,0
387,Laura Salazar,33,5800000,3,7,13,7,0
388,Jorge Murillo,31,5600000,4,8,37,6,0
389,Paula López,37,4950000,5,10,6,6,1
390,Daniela Peña,41,1600000,3,7,6,8,0
391,Manuela Quintero,26,4650000,3,8,14,3,1
392,Juan López,47,3850000,4,8,2,5,0
393,Sofía Mendoza,39,1550000,3,5,9,8,1
394,Laura Ríos,18,3150000,2,4,23,7,0
395,Mariana Gómez,18,3750000,2,4,14,3,1
396,Andrea Moreno,38,4100000,0,2,5,8,0
397,Diego Duarte,35,3450000,4,9,120,9,0
398,Paula Ramírez,37,3650000,3,6,60,6,1
399,Ricardo Moreno,38,6200000,1,3,10,3,1
400,Sebastián Moreno,41,5550000,7,20,56,8,0
401,Laura Torres,49,1000000,2,4,78,3,1
402,Nicolás Ruiz,25,2750000,4,11,43,7,0
403,Isabella Parra,24,2950000,3,7,3,5,0
404,Mariana López,25,1450000,6,9,26,4,1
405,Felipe Beltrán,41,3350000,1,2,23,6,1
406,Carlos Cortés,53,5600000,5,5,24,6,1
407,Carolina Ramírez,33,1950000,1,1,5,5,1
408,Miguel Peña,18,3700000,6,8,39,8,0
409,Carlos López,18,2100000,6,10,65,6,0
410,Andrés Beltrán,28,2350000,6,11,4,8,0
411,Laura Quintero,31,6200000,5,8,11,7,0
412,Camila Quintero,33,2500000,3,8,1,5,0
413,Juliana Martínez,38,3950000,2,2,53,5,0
414,Carolina Cortés,34,1400000,3,10,120,3,0
415,Jorge Gómez,51,7400000,4,3,2,7,0
416,Mateo Sánchez,30,4200000,4,8,70,6,0
417,David García,28,2950000,2,4,19,2,1
418,Jorge Parra,44,4150000,2,7,88,5,0
419,Luisa Hernández,20,1700000,7,12,114,5,0
420,Laura Ruiz,43,5450000,6,18,50,10,0
421,Daniela Quintero,39,2750000,3,6,5,3,1
422,Esteban Rodríguez,36,2900000,0,2,25,4,1
423,Laura Gómez,57,2550000,3,10,7,9,0
424,Camila Rodríguez,31,2450000,5,2,120,9,0
425,Luisa Cardona,63,4350000,1,6,20,5,1
426,Ricardo Duarte,35,3600000,5,11,9,5,1
427,Catalina Sánchez,23,4300000,5,10,12,8,1
428,Daniela Peña,39,3200000,2,3,102,2,1
429,Mateo Rodríguez,25,4050000,4,6,4,3,1
430,Carolina Duarte,29,2650000,4,5,40,6,0
431,Ricardo Ruiz,43,8750000,8,18,67,10,0
432,Juan Parra,45,1600000,6,10,17,6,0
433,Jorge Ríos,31,5650000,3,5,34,7,0
434,Luisa Peña,50,5900000,8,16,25,9,0
435,David Rodríguez,52,2200000,4,9,19,10,0
436,David Pérez,55,8750000,3,8,16,5,1
437,Juan López,44,5000000,3,2,3,6,0
438,Carolina Rojas,54,4950000,6,1,11,10,0
439,Mariana Acosta,18,3250000,1,3,7,3,1
440,Mariana Cardona,34,2900000,4,13,19,9,0
441,Andrea Peña,28,2900000,1,10,43,4,1
442,David García,39,3800000,3,12,9,7,1
443,Luisa Acosta,31,6000000,1,2,11,6,1
444,Carlos Hernández,36,3450000,1,1,13,5,1
445,Laura Ramírez,61,2100000,4,9,48,5,0
446,Andrea Salazar,36,4650000,4,9,61,7,1
447,Nicolás Beltrán,43,4850000,5,7,5,8,0
448,Isabella Cardona,35,4300000,3,10,71,6,0
449,Nicolás Rodríguez,39,4500000,5,17,47,7,0
450,Andrea Cardona,38,2850000,2,4,4,8,0
451,Laura Rodríguez,43,2100000,2,2,34,5,1
452,Valentina Cortés,52,2150000,2,4,28,8,0
453,David Salazar,58,1550000,6,9,23,8,0
454,Paula Hernández,42,3550000,7,7,3,10,1
455,Felipe Martínez,45,3100000,4,8,32,6,1
456,Miguel Hernández,24,2650000,5,10,24,6,0
457,Felipe Beltrán,37,1000000,2,3,10,8,1
458,Alejandro Moreno,49,1850000,3,5,19,8,0
459,Mariana Parra,48,5300000,4,8,45,5,1
460,Mateo Quintero,38,2350000,3,12,2,6,1
461,Manuela Mendoza,49,3750000,3,5,17,8,0
462,David García,44,1700000,4,7,56,5,0
463,Mateo Murillo,52,6100000,3,5,18,6,1
464,Mariana Torres,41,3000000,4,9,60,7,0
465,Paula Mendoza,34,3650000,4,10,6,8,0
466,Mariana Ríos,42,9100000,1,5,45,5,1
467,Mateo Quintero,18,6350000,3,6,84,3,1
468,David Murillo,43,2800000,2,4,6,3,1
469,Camila García,18,2450000,5,14,54,4,0
470,David Rojas,18,2750000,5,10,10,4,1
471,Carolina Castro,43,4050000,3,7,5,6,1
472,Esteban Ortiz,44,3050000,3,8,4,4,1
473,Juan López,24,2700000,1,3,17,5,0
474,Ricardo García,29,6200000,1,3,1,5,0
475,Catalina Ramírez,54,3050000,1,3,9,6,1
476,Andrea Torres,32,9000000,9,16,17,9,0
477,Juliana Castro,65,3350000,2,1,19,8,0
478,Miguel Cardona,38,7150000,3,3,8,7,1
479,Paula Quintero,43,3750000,4,8,12,6,0
480,Ricardo Castro,57,4950000,1,2,7,6,1
481,Camila Castro,40,2300000,6,13,9,7,1
482,Jorge Pérez,26,2200000,5,9,37,8,0
483,Catalina Mendoza,37,3950000,3,11,17,5,0
484,Juliana Torres,38,5000000,5,14,42,7,0
485,Esteban Rodríguez,22,3250000,1,1,9,2,1
486,Daniela Castro,35,1800000,7,15,2,7,1
487,Sofía Ortiz,29,1750000,1,2,24,8,0
488,Camila Pérez,49,1700000,1,3,39,6,1
489,Andrea Mendoza,38,1450000,5,10,4,10,0
490,Natalia Jiménez,35,3350000,2,7,35,5,0
491,Alejandro Salazar,37,5300000,4,7,5,7,0
492,Mariana Quintero,41,3200000,3,4,12,6,0
493,Alejandro Quintero,45,1150000,0,1,25,6,1
494,Juliana Torres,26,2950000,4,13,4,6,1
495,Mateo Parra,26,2950000,3,8,30,7,0
496,Natalia Jiménez,51,8200000,5,8,24,7,0
497,Santiago Castro,33,1650000,5,10,33,9,0
498,Nicolás Cardona,21,2700000,3,6,3,6,1
499,Nicolás Díaz,43,6900000,6,18,10,8,0
500,Catalina Rojas,38,3900000,2,7,50,5,0
